Row.names,Axis1,Axis2,Axis3,genotype,species,sp_code,points,ecotype,country,local,sex,,geno,sp,count,,,A,R,prop,R
AMB_5_3,3.073539953,1.163404422,1.704628205,RA,L. arcana,blue,A,Wave,England,Amble,F,,AA,L. arcana,3,,arcana ,11,39,0.22,0.78
BH_10_1,11.20593968,-0.566312547,0.005164465,RR,L. arcana,blue,A,Wave,Wales,Broad Haven,F,,RA,L. arcana,5,,comp,7,1,0.875,0.125
NE_E1_367_La,-7.203897216,-0.740948401,1.493543269,AA,L. arcana,blue,A,Wave,England,Ravenscar,F,,RR,L. arcana,17,,sax,106,28,0.791044776,0.208955224
NE_E2_140_La,11.57819913,-0.514003335,2.351591499,RR,L. arcana,blue,A,Wave,England,Ravenscar,F,,AA,L. compressa,3,,sax_spain,10,14,0.416666667,0.583333333
NE_E2_158_La,2.510040287,0.464630706,2.334138122,RA,L. arcana,blue,A,Wave,England,Ravenscar,F,,RA,L. compressa,1,,,,,,
NE_E2_410_La,11.13891898,0.056558812,2.586459247,RR,L. arcana,blue,A,Wave,England,Ravenscar,F,,RR,L. compressa,0,,,,,,
NE_E2_429_La,2.547843683,0.06855176,2.228327567,RA,L. arcana,blue,A,Wave,England,Ravenscar,F,,AA,L. saxatilis,46,,,,,,
NE_E4_Larc_F_1,-6.354447703,0.509899703,1.909163168,AA,L. arcana,blue,A,Wave,England,Ravenscar,F,,RA,L. saxatilis,14,,,,,,
NE_E4_Larc_F_2,2.866742688,0.689798271,2.220860038,RA,L. arcana,blue,A,Wave,England,Ravenscar,F,,RR,L. saxatilis,7,,,,,,
NE_F1_007_La,11.44134818,-0.236562294,-0.007526966,RR,L. arcana,blue,A,Other,France,Roscoff,F,,AA,L. saxatilis_spain,5,,,,,,
NE_F1_137_La,11.4925423,-0.817239158,-0.28464261,RR,L. arcana,blue,A,Other,France,Roscoff,F,,RA,L. saxatilis_spain,0,,,,,,
NE_F1_338_La,11.36024837,-0.763523243,0.496729496,RR,L. arcana,blue,A,Other,France,Roscoff,F,,RR,L. saxatilis_spain,7,,,,,,
NE_F1_371_La,11.33674932,-1.366426578,0.582497309,RR,L. arcana,blue,A,Other,France,Roscoff,F,,,,,,,,,,
NOR_Larc_F_1,12.83012491,-1.415119075,2.252482044,RR,L. arcana,blue,A,Other,Norway,Varanger Fjord,F,,,,,,,,,,
NOR_Larc_F_2,13.25622222,-1.663563235,2.842407572,RR,L. arcana,blue,A,Other,Norway,Varanger Fjord,F,,,,,,,,,,
NOR_Larc_F_3,13.45975914,-1.45142819,2.032253294,RR,L. arcana,blue,A,Other,Norway,Varanger Fjord,F,,,,,,,,,,
NOR_Larc_F_4,13.2714939,-1.913224946,2.251959542,RR,L. arcana,blue,A,Other,Norway,Varanger Fjord,F,,,,,,,,,,
STA_Larc_F_1,12.17786697,-0.748338836,2.197952603,RR,L. arcana,blue,A,Wave,Scotland,St Abbs,F,,,,,,,,,,
STA_Larc_F_2,12.00919412,-1.01486716,2.300775878,RR,L. arcana,blue,A,Wave,Scotland,St Abbs,F,,,,,,,,,,
TF_130_La,13.24136669,-1.517014005,2.735013019,RR,L. arcana,blue,A,Other,Norway,Trondheim Fjord,F,,,,,,,,,,
TF_155_La,-6.973854903,0.15290056,-0.852034528,AA,L. arcana,blue,A,Other,Norway,Trondheim Fjord,F,,,,,,,,,,
W_arc_01_La,11.28945994,-0.901076513,0.568660551,RR,L. arcana,blue,A,Wave,Wales,Holyhead,F,,,,,,,,,,
W_arc_02_La,3.209421935,1.086354257,-0.272192392,RA,L. arcana,blue,A,Wave,Wales,Holyhead,F,,,,,,,,,,
W_arc_03_La,11.47879122,-0.821634153,0.518165827,RR,L. arcana,blue,A,Wave,Wales,Holyhead,F,,,,,,,,,,
W_arc_04_La,11.47082795,-0.88654836,-0.132556449,RR,L. arcana,blue,A,Wave,Wales,Holyhead,F,,,,,,,,,,
CEA_Larc_F_1,-4.822648473,6.870978712,1.393942651,AA,L. compressa,black,C,N/A,Ireland,Ceann Tra,F,,,,,,,,,,
NE_F1_141_Lc,-1.01476519,4.268580948,1.168141675,RA,L. compressa,black,C,N/A,France,Roscoff,F,,,,,,,,,,
NOR_Lcom_F,-5.365196038,6.613809095,1.595375213,AA,L. compressa,black,C,N/A,Norway,Varanger Fjord,F,,,,,,,,,,
W_com_01_Lc,-4.523682119,7.316893479,1.739781888,AA,L. compressa,black,C,N/A,Wales,Holyhead,F,,,,,,,,,,
83_AB1_Lsb,-7.123699942,0.546409621,-0.856893682,AA,L. saxatilis,red,N,Barnacle,Wales,Holyhead,F,,,,,,,,,,
88_AB1_Lsb,-7.265307665,0.936579303,-1.102286726,AA,L. saxatilis,red,N,Barnacle,Wales,Holyhead,F,,,,,,,,,,
ACF_1,-6.77504993,0.396510537,-0.803450038,AA,L. saxatilis,red,N,Crab,Wales,Holyhead,F,,,,,,,,,,
ACF_2,-7.257346647,1.242600924,-1.448507172,AA,L. saxatilis,red,N,Crab,Wales,Holyhead,F,,,,,,,,,,
ACF_3,-7.257346647,1.242600924,-1.448507172,AA,L. saxatilis,red,N,Crab,Wales,Holyhead,F,,,,,,,,,,
ACF_4,2.354108234,0.697057066,-1.596852177,RA,L. saxatilis,red,N,Crab,Wales,Holyhead,F,,,,,,,,,,
BH_8_2,9.954475469,-0.390557163,-3.045845381,RR,L. saxatilis,red,N,Wave,Wales,Broad Haven,F,,,,,,,,,,
CEA_Larc_F_2,2.163254048,0.245223457,-1.516121579,RA,L. saxatilis,red,N,Wave,Ireland,Ceann Tra,F,,,,,,,,,,
CEA_Lsax_F_1,-6.207673098,2.160475939,-2.132904324,AA,L. saxatilis,red,N,Crab,Ireland,Ceann Tra,F,,,,,,,,,,
CZA005_Ls,-7.448770627,-2.812224398,-1.752172511,AA,L. saxatilis,red,N,Crab,Sweden,Koster Area A,?,,,,,,,,,,
CZA020_Ls,10.56333652,0.007613801,-2.582867027,RR,L. saxatilis,red,N,Crab,Sweden,Koster Area A,?,,,,,,,,,,
CZA506_Ls,-7.721108078,-2.074701178,-1.062337737,AA,L. saxatilis,red,N,Wave,Sweden,Koster Area A,?,,,,,,,,,,
CZA524_Ls,-8.453701264,-2.645202591,-1.241047683,AA,L. saxatilis,red,N,Wave,Sweden,Koster Area A,?,,,,,,,,,,
CZD309_Ls,10.41270664,-0.345536066,-2.632814095,RR,L. saxatilis,red,N,Crab,Sweden,Koster Area D,?,,,,,,,,,,
CZD390_Ls,0.876686492,-1.37477828,-1.783083467,RA,L. saxatilis,red,N,Crab,Sweden,Koster Area D,?,,,,,,,,,,
CZD563_Ls,-8.320268762,-2.611721905,-1.019373428,AA,L. saxatilis,red,N,Wave,Sweden,Koster Area D,?,,,,,,,,,,
CZD565_Ls,-7.757306699,-2.931650201,-1.092064419,AA,L. saxatilis,red,N,Wave,Sweden,Koster Area D,?,,,,,,,,,,
DER_Lten_F,-6.798859043,1.635161164,-2.652289575,AA,L. saxatilis,red,N,Brackish,England,Dersingham,F,,,,,,,,,,
DER_Lten_M,-6.78992005,2.517562029,-2.478278023,AA,L. saxatilis,red,N,Brackish,England,Dersingham,M,,,,,,,,,,
IMI_6_2,-8.799187321,-4.100639394,2.102511571,AA,L. saxatilis,red,N,Crab,Scotland,Isle of Mull,F,,,,,,,,,,
LR_11_Ls,-6.891920263,0.929812197,-1.520668385,AA,L. saxatilis,red,N,Other,Iceland,Laugarnes,M,,,,,,,,,,
LR_14_Ls,2.662563341,-0.042578095,-2.609566884,RA,L. saxatilis,red,N,Other,Iceland,Laugarnes,F,,,,,,,,,,
NE_E1_022_Lsb,-7.484009898,-4.379051309,2.138045286,AA,L. saxatilis,red,N,Barnacle,England,Ravenscar,F,,,,,,,,,,
NE_E2_023_Lsb,-7.596285838,-4.667781822,1.709274703,AA,L. saxatilis,red,N,Barnacle,England,Ravenscar,F,,,,,,,,,,
NE_E2_030_Lsax_F,-8.52503,-4.510362882,1.479243491,AA,L. saxatilis,red,N,Wave,England,Ravenscar,F,,,,,,,,,,
NE_E2_151_Ls,-7.982419646,-3.524231021,2.506143699,AA,L. saxatilis,red,N,Wave,England,Ravenscar,F,,,,,,,,,,
NE_E2_159_Ls,1.56345644,-2.128011581,-0.853914431,RA,L. saxatilis,red,N,Wave,England,Ravenscar,F,,,,,,,,,,
NE_E2_382_Ls,0.953093042,-2.950559756,-0.214333766,RA,L. saxatilis,red,N,Wave,England,Ravenscar,F,,,,,,,,,,
NE_E2_439_Ls,-8.029086359,-4.629143688,3.105085752,AA,L. saxatilis,red,N,Wave,England,Ravenscar,F,,,,,,,,,,
NE_F1_003_Ls,10.46985507,-0.521559139,-0.700451978,RR,L. saxatilis,red,N,Other,France,Roscoff,F,,,,,,,,,,
NE_F1_087_Lsb,-6.564475636,1.650347408,-1.553579221,AA,L. saxatilis,red,N,Barnacle,France,Roscoff,F,,,,,,,,,,
NE_F1_134_Ls,1.831825647,0.781626129,-0.638168849,RA,L. saxatilis,red,N,Other,France,Roscoff,F,,,,,,,,,,
NE_F1_263_Lsb,-5.397373846,1.699257795,-1.026288342,AA,L. saxatilis,red,N,Barnacle,France,Roscoff,F,,,,,,,,,,
NE_F1_333_Ls,10.76802514,-0.184837657,-0.563607629,RR,L. saxatilis,red,N,Other,France,Roscoff,F,,,,,,,,,,
NE_F1_373_Lsb,2.748338667,0.216066488,-1.258297568,RA,L. saxatilis,red,N,Barnacle,France,Roscoff,F,,,,,,,,,,
NE_W1_331_Lsax_F,-6.665458967,1.248397803,-1.76839293,AA,L. saxatilis,red,N,Wave,Wales,Holyhead,F,,,,,,,,,,
NE_W1_356_Lsax_M,-6.728288964,1.591104882,-1.418447701,AA,L. saxatilis,red,N,Wave,Wales,Holyhead,F,,,,,,,,,,
NOR_Lsax_F_1,-7.722875338,0.210648214,-1.291551438,AA,L. saxatilis,red,N,Other,Norway,Varanger Fjord,F,,,,,,,,,,
NOR_Lsax_F_2,-7.501457795,-0.241034702,-0.802078245,AA,L. saxatilis,red,N,Other,Norway,Varanger Fjord,F,,,,,,,,,,
NOR_Lsax_F_3,1.426741066,-0.370947839,-2.435765415,RA,L. saxatilis,red,N,Other,Norway,Varanger Fjord,F,,,,,,,,,,
NOR_Lsax_F_4,-6.716106072,-0.930420356,0.268242572,AA,L. saxatilis,red,N,Other,Norway,Varanger Fjord,F,,,,,,,,,,
OBI_12_5,10.89094758,-0.842654002,-1.703989478,RR,L. saxatilis,red,N,Crab,Scotland,Oban,F,,,,,,,,,,
PSM2_4_4,-5.672232054,1.024954278,-1.127088197,AA,L. saxatilis,red,N,Crab,Isle of man,Port Saint Mary,F,,,,,,,,,,
STA_Lsax_F_1,-7.658389806,-2.056329682,0.723448614,AA,L. saxatilis,red,N,Wave,Scotland,St Abbs,F,,,,,,,,,,
STA_Lsax_F_2,10.54707327,-0.777365654,-2.339885476,RR,L. saxatilis,red,N,Wave,Scotland,St Abbs,F,,,,,,,,,,
SWE_Lten_F,-8.038722316,-2.494916214,-1.626760011,AA,L. saxatilis,red,N,Brackish,Sweden,Tjarno,F,,,,,,,,,,
SWE_Lten_M,-8.249033855,-2.97018825,-0.739570348,AA,L. saxatilis,red,N,Brackish,Sweden,Tjarno,M,,,,,,,,,,
TCF_1,-7.778584141,-3.733675459,2.458392896,AA,L. saxatilis,red,N,Crab,England,Thornwick,F,,,,,,,,,,
TCF_2,-8.584496341,-4.56103018,2.17203862,AA,L. saxatilis,red,N,Crab,England,Thornwick,F,,,,,,,,,,
TCF_3,-8.388396091,-4.347670645,2.36498305,AA,L. saxatilis,red,N,Crab,England,Thornwick,F,,,,,,,,,,
TCF_4,-8.659826034,-5.126851674,3.025281357,AA,L. saxatilis,red,N,Crab,England,Thornwick,F,,,,,,,,,,
TF9_153_Ls,1.687848021,-0.633041863,-1.739608413,RA,L. saxatilis,red,N,Other,Norway,Trondheim Fjord,F,,,,,,,,,,
TF9_157_Ls,-7.398763171,0.444862927,0.161331035,AA,L. saxatilis,red,N,Other,Norway,Trondheim Fjord,F,,,,,,,,,,
TWF_1,-8.448361522,-4.52426086,1.576810316,AA,L. saxatilis,red,N,Wave,England,Thornwick,F,,,,,,,,,,
TWF_2,-8.096356409,-3.453756863,2.024385346,AA,L. saxatilis,red,N,Wave,England,Thornwick,F,,,,,,,,,,
TWF_3,-8.838181358,-4.656283725,2.572215518,AA,L. saxatilis,red,N,Wave,England,Thornwick,F,,,,,,,,,,
TWF_4,-8.334660167,-3.405024095,2.352186784,AA,L. saxatilis,red,N,Wave,England,Thornwick,F,,,,,,,,,,
W_sax_01_Ls,2.63435896,0.55973038,-1.735290104,RA,L. saxatilis,red,N,Wave,Wales,Holyhead,F,,,,,,,,,,
W_sax_02_Ls,2.409458419,0.006082789,-1.260786397,RA,L. saxatilis,red,N,Wave,Wales,Holyhead,F,,,,,,,,,,
W_sax_03_Ls,-6.260075408,0.876507136,-1.206925882,AA,L. saxatilis,red,N,Wave,Wales,Holyhead,F,,,,,,,,,,
W_sax_04_Ls,1.925597688,0.864658006,-1.086504576,RA,L. saxatilis,red,N,Wave,Wales,Holyhead,F,,,,,,,,,,
WS_female_Ls,-7.222391195,-0.657671713,-0.819076736,AA,L. saxatilis,red,N,Other,Russia,White sea,F,,,,,,,,,,
WS_male_Ls,-6.967695605,-0.537049382,-1.685026734,AA,L. saxatilis,red,N,Other,Russia,White sea,M,,,,,,,,,,
York_B-1_Ls,1.958866993,2.880024018,-7.109153834,RA,L. saxatilis,red,N,Other,USA,York,F,,,,,,,,,,
York_B-12_Ls,-2.690173987,4.310888902,-8.99019139,AA,L. saxatilis,red,N,Other,USA,York,M,,,,,,,,,,
York_T-3_Ls,-2.825951704,4.506614366,-9.010955629,AA,L. saxatilis,red,N,Other,USA,York,F,,,,,,,,,,
York_T-9_Ls,-2.602691814,4.240410171,-8.042965432,AA,L. saxatilis,red,N,Other,USA,York,M,,,,,,,,,,
BUR_Lsax_F,9.112974532,-0.420055206,-0.87348939,RR,L. saxatilis_spain,darksalmon,S,Other,Spain,Burella,F,,,,,,,,,,
BUR_Lsax_M,9.928166925,-0.65233469,-0.104443369,RR,L. saxatilis_spain,darksalmon,S,Other,Spain,Burella,M,,,,,,,,,,
ER_EA1_073_Ls,-3.920263499,8.855942198,5.907064246,AA,L. saxatilis_spain,darksalmon,S,Wave,Spain,Sillerio,?,,,,,,,,,,
ER_EA1_116_Ls,-4.097275063,8.582892911,5.961824484,AA,L. saxatilis_spain,darksalmon,S,Wave,Spain,Sillerio,?,,,,,,,,,,
ER_EA1_463_Ls,9.625017385,0.148965187,-0.039941503,RR,L. saxatilis_spain,darksalmon,S,Crab,Spain,Sillerio,?,,,,,,,,,,
ER_EA1_468_Ls,8.47346352,-0.224927458,-0.619027067,RR,L. saxatilis_spain,darksalmon,S,Crab,Spain,Sillerio,?,,,,,,,,,,
ER_EA1_547,9.624165055,-0.106379092,-0.143724313,RR,L. saxatilis_spain,darksalmon,S,Crab,Spain,Sillerio,?,,,,,,,,,,
ER_EA2_029,9.984855476,0.267433662,0.508693751,RR,L. saxatilis_spain,darksalmon,S,Crab,Spain,Sillerio,?,,,,,,,,,,
ER_EA2_569,-3.803225914,7.612990113,5.991053796,AA,L. saxatilis_spain,darksalmon,S,Wave,Spain,Sillerio,?,,,,,,,,,,
ER_EB1_100_Ls,-4.159963639,8.485006556,6.142879782,AA,L. saxatilis_spain,darksalmon,S,Wave,Spain,Sillerio,?,,,,,,,,,,
ER_EB1_101_Ls,-3.676086461,8.995282732,5.898257572,AA,L. saxatilis_spain,darksalmon,S,Wave,Spain,Sillerio,?,,,,,,,,,,
ER_EB1_266_Ls,10.61272241,0.006165018,-0.203242161,RR,L. saxatilis_spain,darksalmon,S,Crab,Spain,Sillerio,?,,,,,,,,,,